{
  "flower": "twilightforest:fiddlehead",
  "maxTimeInHive": 4800,
  "hasHoneycomb": true,
  "baseLayerTexture": "ores/fiery/fiery_bee",
  "ColorData": {
    "isBeeColored": false,
    "honeycombColor": "#471e00",
    "modelType": "ARMORED"
  },
  "MutationData": {
    "hasMutation": false,
    "mutations" : [
      {
        "type": "BLOCK",
        "inputID": "minecraft:lava",
        "chance": 0.75,
        "outputs": [
          {"outputID": "minecraft:water", "weight": 10}
        ]
      }
    ]
  },
  "CentrifugeData": {
    "hasCentrifugeOutput": false,
    "mainOutput": "twilightforest:fiery_ingot",
    "mainOutputCount": 3
  },
  "SpawnData": {
    "canSpawnInWorld": false,
    "biomeWhitelist": "theabyss:theabyssbiome",
    "biomeBlacklist": "tag:ocean"
  },
  "BreedData": {
    "isBreedable": true,
    
    "feedItem": "twilightforest:fiery_blood",
	"parent1": "fire_diamond",
    "parent2": "iron"
  },
  "TraitData": {}
}