{
  "flower": "tag:forge:storage_blocks/coal",
  "maxTimeInHive": 4800,
  "hasHoneycomb": true,
  "baseLayerTexture": "ores/coal/coal_bee",
  "ColorData": {
    "isBeeColored": false,
    "honeycombColor": "#303030",
    "modelType": "ORE"
  },
  "MutationData": {
    "hasMutation": true,
    "mutations" : [
      {
        "type": "BLOCK",
        "inputID": "minecraft:stone",
        "chance": 0.75,
        "outputs": [
          {"outputID": "minecraft:coal_ore", "weight": 10}
        ]
      }
    ]
  },
  "CentrifugeData": {
    "hasCentrifugeOutput": false,
    "mainOutput": "minecraft:coal",
    "mainOutputCount": 16
  },
  "SpawnData": {
    "canSpawnInWorld": true,
    "biomeWhitelist": "tag:overworld",
    "biomeBlacklist": "tag:ocean"
  },
  "BreedData": {
    "feedItem": "minecraft:poppy",
    "feedAmount": 4,
    "isBreedable": true
  },
  "TraitData": {}
}