{
  "flower": "minecraft:andesite_wall",
  "maxTimeInHive": 4800,
  "hasHoneycomb": true,
 
  "baseLayerTexture": "ores/andesite/andesite_bee",
  "ColorData": {
    "isBeeColored": false,
    "honeycombColor": "#c9c9c5",
    "modelType": "DEFAULT"
  },
  "MutationData": {
    "hasMutation": false,
    "mutations" : [
      {
        "type": "BLOCK",
        "inputID": "minecraft:netherrack",
        "outputs": [
          {"outputID": "minecraft:nether_quartz_ore", "weight": 10},
          {"outputID": "minecraft:cobblestone", "weight": 10}
        ]
      }
    ]
  },
  "CentrifugeData": {
    "hasCentrifugeOutput": true,
    "mainOutput": "minecraft:andesite",
    "mainOutputCount": 2
  },
  "SpawnData": {
    "canSpawnInWorld": true,
    "biomeWhitelist": "twilightforest:oak_savannah",
    "lightLevel": "DAY"
  },
  "BreedData": {
    "isBreedable": true
	
  },
  "TraitData": {
    "hasTraits": true
  }
}