{
  "flower": "twilightforest:firefly",
  "hasHoneycomb": true,
  "maxTimeInHive": 4800,
  "baseLayerTexture": "ores/brass/brass_bee",
  "ColorData": {
    "isBeeColored": false,
    "honeycombColor": "#e3c759",
    "modelType": "ORE"
  },
  "MutationData": {
    "hasMutation": false,
    "mutations" : [
      {
        "type": "BLOCK",
        "inputID": "minecraft:stone",
        "outputs": [
          {"outputID": "create:copper_ore", "weight": 10}
          
        ]
      }
    ]
  },
  "CentrifugeData": {
    "hasCentrifugeOutput": true,
    "mainOutput": "create:brass_ingot",
	"mainOutputCount": 2
  },
  "SpawnData": {
    "canSpawnInWorld": false,
    "biomeWhitelist": "tag:OVERWORLD",
    "biomeBlacklist": "tag:ocean"
  },
  "BreedData": {
    "isBreedable": true,
    "parent1": "Copper",
    "parent2": "Zinc"
  },
  "TraitData": {}
}