{
  "flower": "minecraft:redstone_torch",
  "maxTimeInHive": 4800,
  "hasHoneycomb": true,
  "baseLayerTexture": "ores/cell/cell_bee",
  "ColorData": {
    "isBeeColored": false,
    "honeycombColor": "#ffaa00",
    "modelType": "DEFAULT"
  },
  "MutationData": {
    "hasMutation": false,
    "mutations" : [
      {
        "type": "BLOCK",
        "inputID": "minecraft:lava",
        "chance": 0.75,
        "outputs": [
          {"outputID": "minecraft:water", "weight": 10}
        ]
      }
    ]
  },
  "CentrifugeData": {
    "hasCentrifugeOutput": true,
    "mainOutput": "refinedstorage:1k_storage_part",
    "mainOutputCount": 1
  },
  "SpawnData": {
    "canSpawnInWorld": false,
    "biomeWhitelist": "theabyss:theabyssbiome",
    "biomeBlacklist": "tag:ocean"
  },
  "BreedData": {
    "isBreedable": true,
   
    "feedItem": "refinedstorage:silicon"
  },
  "TraitData": {}
}