{
  "flower": "eidolon:lead_block",
  "hasHoneycomb": true,
  "maxTimeInHive": 4800,
  "baseLayerTexture": "ores/lead/lead_bee",
  "ColorData": {
    "isBeeColored": false,
    "honeycombColor": "#788fbd",
    "modelType": "ORE"
  },
  "MutationData": {
    "hasMutation": true,
    "mutations" : [
      {
        "type": "BLOCK",
        "inputID": "minecraft:stone",
        "outputs": [
          {"outputID": "eidolon:lead_ore", "weight": 10}
          
        ]
      }
    ]
  },
  "CentrifugeData": {
    "hasCentrifugeOutput": true,
    "mainOutput": "create:crushed_lead_ore"
  },
  "SpawnData": {
    "canSpawnInWorld": true,
    "biomeWhitelist": "twilightforest:clearing",
    "biomeBlacklist": "tag:ocean"
  },
  "BreedData": {
    "isBreedable": true
  },
  "TraitData": {}
}