{
  "flower": "minecraft:bone_block",
  "maxTimeInHive": 4800,
  "hasHoneycomb": true,
  "baseLayerTexture": "skeleton/skeleton_bee",
  "ColorData": {
    "isBeeColored": false,
    "honeycombColor": "#F6F2E6"
  },
  "MutationData": {
    "hasMutation": true,
    "mutations" : [
      {
        "type": "BLOCK",
        "inputID": "minecraft:stone",
        "outputs": [
          {"outputID": "minecraft:gravel", "weight": 10}
        ]
      }
    ]
  },
  "CentrifugeData": {
    "hasCentrifugeOutput": true,
    "mainOutput": "minecraft:bone"
  },
  "SpawnData": {
    "canSpawnInWorld": true,
    "biomeWhitelist": "tag:OVERWORLD",
    "biomeBlacklist": "tag:ocean",
    "lightLevel": "NIGHT"
  },
  "BreedData": {
    "isBreedable": true,
    "feedItem": "small",
    "feedAmount": 8
  },
  "TraitData": {}
}