{
  "flower": "minecraft:sunflower",
  "maxTimeInHive": 4800,
  "hasHoneycomb": true,
  "baseLayerTexture": "ores/solar/solar_bee",
  "ColorData": {
    "isBeeColored": false,
    "honeycombColor": "#95cbf5",
    "modelType": "DEFAULT"
  },
  "MutationData": {
    "hasMutation": false,
    "mutations" : [
      {
        "type": "BLOCK",
        "inputID": "minecraft:lava",
        "chance": 0.75,
        "outputs": [
          {"outputID": "minecraft:water", "weight": 10}
        ]
      }
    ]
  },
  "CentrifugeData": {
    "hasCentrifugeOutput": true,
    "mainOutput": "solarflux:sp_2",
    "mainOutputCount": 1
  },
  "SpawnData": {
    "canSpawnInWorld": false,
    "biomeWhitelist": "theabyss:theabyssbiome",
    "biomeBlacklist": "tag:ocean"
  },
  "BreedData": {
    "isBreedable": true,
   
    "feedItem": "solarflux:mirror"
  },
  "TraitData": {}
}