{
  "flower": "tag:minecraft:bee_growables",
  "maxTimeInHive": 4800,
  "hasHoneycomb": true,
  "baseLayerTexture": "zombie/zombie_bee",
  "traits": ["zombie"],
  "ColorData": {
    "isBeeColored": false,
    "honeycombColor": "#2F4E32"
  },
  "MutationData": {
    "hasMutation": true,
    "mutations" : [
      {
        "type": "BLOCK",
        "inputID": "minecraft:stone",
        "outputs": [
          {"outputID": "minecraft:cobblestone", "weight": 10},
          {"outputID": "minecraft:cobblestone", "weight": 30}
        ]
      }
    ]
  },
  "CentrifugeData": {
    "hasCentrifugeOutput": true,
    "mainOutput": "minecraft:rotten_flesh"
  },
  "SpawnData": {
    "canSpawnInWorld": true,
    "biomeWhitelist": "tag:OVERWORLD",
    "biomeBlacklist": "tag:ocean",
    "lightLevel": "NIGHT"
  },
  "BreedData": {
    "isBreedable": true
  },
  "TraitData": {
    "hasTraits": true
  }
}