{
  "effects": {
    "mood_sound": {
      "sound": "minecraft:ambient.cave",
      "tick_delay": 6000,
      "block_search_extent": 8,
      "offset": 2
    },
    "sky_color": 15775859,
    "fog_color": 14268395,
    "water_color": 3520678,
    "water_fog_color": 11382271,
    "foliage_color": 681514,
    "grass_color": 3634458
  },
  "carvers": {
    "air": [
      "minecraft:cave",
      "minecraft:canyon"
    ]
  },
  "starts": [
    "minecraft:mineshaft"
  ],
  "features": [
    [
      "minecraft:seagrass_river"
    ],
    [
      "minecraft:lake_water"
    ],
    [],
    [
      "minecraft:lake_water"
    ],
    [],
    [],
    [
      "minecraft:disk_clay",
      "minecraft:disk_gravel",
      "minecraft:disk_sand",
      "minecraft:ore_dirt",
      "minecraft:ore_gravel",
      "minecraft:ore_granite",
      "minecraft:ore_diorite",
      "minecraft:ore_andesite"
    ],
    [],
    [
      "minecraft:spring_water",
      "minecraft:patch_grass_plain",
      "minecraft:patch_tall_grass_2",
      "minecraft:flower_plain_decorated",
      "minecraft:plain_vegetation"
    ],
    [
      "minecraft:lake_water"
    ]
  ],
  "spawners": {
    "ambient": [],
    "creature": [],
    "misc": [],
    "monster": [],
    "water_ambient": [],
    "water_creature": []
  },
  "category": "river",
  "precipitation": "rain",
  "surface_builder": "minecraft:grass",
  "scale": 0.0,
  "downfall": 0.4,
  "depth": -0.8,
  "temperature": 0.8,
  "player_spawn_friendly": true,
  "spawn_costs": {}
}