{
  "credit": "Made with Blockbench",
  "textures": {
    "0": "kubejs:block/gotopium_drillhead"
  },
  "elements": [
    {
      "name": "Core",
      "from": [
        5,
        5,
        5
      ],
      "to": [
        11,
        8,
        11
      ],
      "rotation": {
        "angle": 0,
        "axis": "y",
        "origin": [
          8,
          4.75,
          8
        ]
      },
      "faces": {
        "north": {
          "uv": [
            2.375,
            0,
            3.125,
            0.375
          ],
          "rotation": 180,
          "texture": "#0"
        },
        "east": {
          "uv": [
            3.125,
            0,
            3.875,
            0.375
          ],
          "rotation": 180,
          "texture": "#0"
        },
        "south": {
          "uv": [
            2.375,
            0,
            3.125,
            0.375
          ],
          "rotation": 180,
          "texture": "#0"
        },
        "west": {
          "uv": [
            3.125,
            0,
            3.875,
            0.375
          ],
          "rotation": 180,
          "texture": "#0"
        },
        "up": {
          "uv": [
            2.375,
            0.375,
            3.125,
            1.125
          ],
          "rotation": 180,
          "texture": "#0"
        },
        "down": {
          "uv": [
            3.5,
            0.375,
            4.25,
            1.125
          ],
          "texture": "#0"
        }
      }
    },
    {
      "name": "Bottom",
      "from": [
        3,
        4,
        6
      ],
      "to": [
        5,
        8,
        10
      ],
      "rotation": {
        "angle": 0,
        "axis": "y",
        "origin": [
          8,
          4.75,
          8
        ]
      },
      "faces": {
        "north": {
          "uv": [
            4,
            1.625,
            4.5,
            1.875
          ],
          "rotation": 90,
          "texture": "#0"
        },
        "east": {
          "uv": [
            4.5,
            1.125,
            5,
            1.5
          ],
          "rotation": 180,
          "texture": "#0"
        },
        "south": {
          "uv": [
            5.75,
            1.125,
            6,
            1.625
          ],
          "texture": "#0"
        },
        "west": {
          "uv": [
            5,
            1.125,
            5.5,
            1.625
          ],
          "rotation": 270,
          "texture": "#0"
        },
        "up": {
          "uv": [
            5.5,
            1.625,
            6,
            1.875
          ],
          "rotation": 90,
          "texture": "#0"
        },
        "down": {
          "uv": [
            4.5,
            1.625,
            5,
            1.875
          ],
          "rotation": 90,
          "texture": "#0"
        }
      }
    },
    {
      "name": "Bottom",
      "from": [
        11,
        4,
        6
      ],
      "to": [
        13,
        8,
        10
      ],
      "rotation": {
        "angle": 0,
        "axis": "y",
        "origin": [
          8,
          4.75,
          8
        ]
      },
      "faces": {
        "north": {
          "uv": [
            5.75,
            1.125,
            6,
            1.625
          ],
          "texture": "#0"
        },
        "east": {
          "uv": [
            5,
            1.125,
            5.5,
            1.625
          ],
          "rotation": 180,
          "texture": "#0"
        },
        "south": {
          "uv": [
            4,
            1.625,
            4.5,
            1.875
          ],
          "rotation": 90,
          "texture": "#0"
        },
        "west": {
          "uv": [
            4.5,
            1.125,
            5,
            1.5
          ],
          "texture": "#0"
        },
        "up": {
          "uv": [
            5.5,
            1.625,
            6,
            1.875
          ],
          "rotation": 270,
          "texture": "#0"
        },
        "down": {
          "uv": [
            4.5,
            1.625,
            5,
            1.875
          ],
          "rotation": 270,
          "texture": "#0"
        }
      }
    },
    {
      "name": "Bottom",
      "from": [
        6,
        4,
        3
      ],
      "to": [
        10,
        8,
        5
      ],
      "rotation": {
        "angle": 0,
        "axis": "y",
        "origin": [
          8,
          4.75,
          8
        ]
      },
      "faces": {
        "north": {
          "uv": [
            5,
            1.125,
            5.5,
            1.625
          ],
          "rotation": 270,
          "texture": "#0"
        },
        "east": {
          "uv": [
            4,
            1.625,
            4.5,
            1.875
          ],
          "rotation": 180,
          "texture": "#0"
        },
        "south": {
          "uv": [
            4.5,
            1.125,
            5,
            1.5
          ],
          "texture": "#0"
        },
        "west": {
          "uv": [
            5.75,
            1.125,
            6,
            1.625
          ],
          "texture": "#0"
        },
        "up": {
          "uv": [
            5.5,
            1.625,
            6,
            1.875
          ],
          "rotation": 180,
          "texture": "#0"
        },
        "down": {
          "uv": [
            4.5,
            1.625,
            5,
            1.875
          ],
          "texture": "#0"
        }
      }
    },
    {
      "name": "Bottom",
      "from": [
        6,
        4,
        11
      ],
      "to": [
        10,
        8,
        13
      ],
      "rotation": {
        "angle": 0,
        "axis": "y",
        "origin": [
          8,
          4.75,
          8
        ]
      },
      "faces": {
        "north": {
          "uv": [
            4.5,
            1.125,
            5,
            1.5
          ],
          "texture": "#0"
        },
        "east": {
          "uv": [
            5.75,
            1.125,
            6,
            1.625
          ],
          "rotation": 180,
          "texture": "#0"
        },
        "south": {
          "uv": [
            5,
            1.125,
            5.5,
            1.625
          ],
          "rotation": 270,
          "texture": "#0"
        },
        "west": {
          "uv": [
            4,
            1.625,
            4.5,
            1.875
          ],
          "rotation": 90,
          "texture": "#0"
        },
        "up": {
          "uv": [
            5.5,
            1.625,
            6,
            1.875
          ],
          "texture": "#0"
        },
        "down": {
          "uv": [
            4.5,
            1.625,
            5,
            1.875
          ],
          "rotation": 180,
          "texture": "#0"
        }
      }
    },
    {
      "name": "Bit1",
      "from": [
        5.5,
        3,
        5.5
      ],
      "to": [
        10.5,
        5,
        10.5
      ],
      "rotation": {
        "angle": 0,
        "axis": "y",
        "origin": [
          8,
          4.75,
          8
        ]
      },
      "faces": {
        "north": {
          "uv": [
            5.125,
            0,
            5.75,
            0.25
          ],
          "rotation": 180,
          "texture": "#0"
        },
        "east": {
          "uv": [
            4.5,
            0,
            5.125,
            0.25
          ],
          "rotation": 180,
          "texture": "#0"
        },
        "south": {
          "uv": [
            5.125,
            0,
            5.75,
            0.25
          ],
          "texture": "#0"
        },
        "west": {
          "uv": [
            4.5,
            0,
            5.125,
            0.25
          ],
          "texture": "#0"
        },
        "up": {
          "uv": [
            4.5,
            0.25,
            5.125,
            0.875
          ],
          "rotation": 180,
          "texture": "#0"
        },
        "down": {
          "uv": [
            5.375,
            0.25,
            6,
            0.875
          ],
          "texture": "#0"
        }
      }
    },
    {
      "name": "Bit2",
      "from": [
        6,
        1,
        6
      ],
      "to": [
        10,
        3,
        10
      ],
      "rotation": {
        "angle": 0,
        "axis": "y",
        "origin": [
          8,
          4.75,
          8
        ]
      },
      "faces": {
        "north": {
          "uv": [
            2.25,
            1.125,
            2.75,
            1.375
          ],
          "texture": "#0"
        },
        "east": {
          "uv": [
            2.75,
            1.125,
            3.25,
            1.375
          ],
          "rotation": 180,
          "texture": "#0"
        },
        "south": {
          "uv": [
            2.25,
            1.125,
            2.75,
            1.375
          ],
          "texture": "#0"
        },
        "west": {
          "uv": [
            2.75,
            1.125,
            3.25,
            1.375
          ],
          "texture": "#0"
        },
        "up": {
          "uv": [
            2.25,
            1.375,
            2.75,
            1.875
          ],
          "rotation": 180,
          "texture": "#0"
        },
        "down": {
          "uv": [
            3,
            1.375,
            3.5,
            1.875
          ],
          "texture": "#0"
        }
      }
    },
    {
      "name": "Bit3",
      "from": [
        6.5,
        -1,
        6.5
      ],
      "to": [
        9.5,
        1,
        9.5
      ],
      "rotation": {
        "angle": 0,
        "axis": "y",
        "origin": [
          8,
          4.75,
          8
        ]
      },
      "faces": {
        "north": {
          "uv": [
            0.625,
            2.375,
            1,
            2.625
          ],
          "rotation": 180,
          "texture": "#0"
        },
        "east": {
          "uv": [
            0.625,
            2.625,
            0.875,
            3
          ],
          "rotation": 180,
          "texture": "#0"
        },
        "south": {
          "uv": [
            0.625,
            2.375,
            1,
            2.625
          ],
          "texture": "#0"
        },
        "west": {
          "uv": [
            0.25,
            2.375,
            0.625,
            2.625
          ],
          "texture": "#0"
        },
        "up": {
          "uv": [
            0.875,
            2.625,
            1.25,
            3
          ],
          "rotation": 180,
          "texture": "#0"
        },
        "down": {
          "uv": [
            0.25,
            2.625,
            0.625,
            3
          ],
          "texture": "#0"
        }
      }
    },
    {
      "name": "Bit4",
      "from": [
        7,
        -3,
        7
      ],
      "to": [
        9,
        -1,
        9
      ],
      "rotation": {
        "angle": 0,
        "axis": "y",
        "origin": [
          8,
          4.75,
          8
        ]
      },
      "faces": {
        "north": {
          "uv": [
            4,
            1.375,
            4.25,
            1.625
          ],
          "rotation": 180,
          "texture": "#0"
        },
        "east": {
          "uv": [
            4,
            1.125,
            4.25,
            1.375
          ],
          "rotation": 180,
          "texture": "#0"
        },
        "south": {
          "uv": [
            3.75,
            1.125,
            4,
            1.375
          ],
          "texture": "#0"
        },
        "west": {
          "uv": [
            3.5,
            1.375,
            3.75,
            1.625
          ],
          "rotation": 90,
          "texture": "#0"
        },
        "up": {
          "uv": [
            3.75,
            1.375,
            4,
            1.625
          ],
          "rotation": 180,
          "texture": "#0"
        },
        "down": {
          "uv": [
            4.25,
            1.375,
            4.5,
            1.625
          ],
          "texture": "#0"
        }
      }
    },
    {
      "name": "Shaft",
      "from": [
        6,
        5,
        6
      ],
      "to": [
        10,
        19,
        10
      ],
      "rotation": {
        "angle": 0,
        "axis": "y",
        "origin": [
          8,
          4.75,
          8
        ]
      },
      "faces": {
        "north": {
          "uv": [
            9.75,
            0.625,
            10.25,
            2.5
          ],
          "texture": "#0"
        },
        "east": {
          "uv": [
            9.25,
            0.625,
            9.75,
            2.5
          ],
          "rotation": 180,
          "texture": "#0"
        },
        "south": {
          "uv": [
            8.75,
            0.625,
            9.25,
            2.5
          ],
          "texture": "#0"
        },
        "west": {
          "uv": [
            8.25,
            0.625,
            8.75,
            2.5
          ],
          "texture": "#0"
        },
        "up": {
          "uv": [
            8.75,
            0,
            9.25,
            0.5
          ],
          "texture": "#0"
        },
        "down": {
          "uv": [
            9.25,
            0,
            9.75,
            0.5
          ],
          "texture": "#0"
        }
      }
    }
  ]
}
