{
  "flower": "minecraft:ancient_debris",
  "maxTimeInHive": 9600,
  "hasHoneycomb": true,
  "baseLayerTexture": "ores/ancient/ancient_bee",
  "ColorData": {
    "isBeeColored": false,
    "honeycombColor": "#690000",
    "modelType": "DEFAULT"
  },
  "MutationData": {
    "hasMutation": true,
    "mutations" : [
      {
        "type": "BLOCK",
        "inputID": "comfortable:ancient_netherrack",
        "chance": 0.25,
        "outputs": [
          {"outputID": "minecraft:ancient_debris", "weight": 10}
        ]
      }
    ]
  },
  "CentrifugeData": {
    "hasCentrifugeOutput": false,
    "mainOutput": "minecraft:netherite_scrap",
    "mainOutputCount": 1
  },
  "SpawnData": {
    "canSpawnInWorld": false,
    "biomeWhitelist": "tag:OVERWORLD",
    "biomeBlacklist": "tag:ocean"
  },
  "BreedData": {
    "isBreedable": true,
    "feedItem": "comfortable_nether:dustsprout_pie",
    "feedAmount": 1
  },
  "TraitData": {}
}