{
  "flower": "ALL",
  "maxTimeInHive": 4800,
  "hasHoneycomb": true,
  "baseLayerTexture": "ores/go_bee/go_bee",
  "ColorData": {
    "isBeeColored": false,
    "honeycombColor": "#4fa956",
    "modelType": "DEFAULT"
  },
  "MutationData": {
    "hasMutation": true,
    "mutations" : [
      {
        "type": "BLOCK",
        "inputID": "minecraft:water",
        "chance": 0.75,
        "outputs": [
          {"outputID": "kubejs:go_energy_green_fluid", "weight": 10}
        ]
      }
    ]
  },
  "CentrifugeData": {
    "hasCentrifugeOutput": false,
    "mainOutput": "kubejs:go_energy_green",
    "mainOutputCount": 1
  },
  "SpawnData": {
    "canSpawnInWorld": false,
    "biomeWhitelist": "theabyss:theabyssbiome",
    "biomeBlacklist": "tag:ocean"
  },
  "BreedData": {
    "isBreedable": true,
   
    "feedItem": "kubejs:blazing_sugar"
  },
  "TraitData": {}
}