{
  "flower": "undergarden:shimmerweed",
  "maxTimeInHive": 4800,
  "hasHoneycomb": true,
  "baseLayerTexture": "ores/storagium/storagium_bee",
  "ColorData": {
    "isBeeColored": false,
    "honeycombColor": "#cebad4",
    "modelType": "ORE"
  },
  "MutationData": {
    "hasMutation": false,
    "mutations" : [
      {
        "type": "BLOCK",
        "inputID": "minecraft:lava",
        "chance": 0.75,
        "outputs": [
          {"outputID": "minecraft:water", "weight": 10}
        ]
      }
    ]
  },
  "CentrifugeData": {
    "hasCentrifugeOutput": false,
    "mainOutput": "kubejs:storagium_ingot",
    "mainOutputCount": 1
  },
  "SpawnData": {
    "canSpawnInWorld": false,
    "biomeWhitelist": "tag:OVERWORLD",
    "biomeBlacklist": "tag:ocean"
  },
  "BreedData": {
    "isBreedable": true,
   
    "feedItem": "kubejs:storagium_nugget"
  },
  "TraitData": {}
}