{
  "flower": "betterendforge:creeping_moss",
  "maxTimeInHive": 600,
  "hasHoneycomb": true,
  "baseLayerTexture": "ores/eternal_crystal/eternal_crystal_bee",
  "ColorData": {
    "isBeeColored": false,
    "honeycombColor": "#9caee6",
    "modelType": "ORE"
  },
  "MutationData": {
    "hasMutation": false,
    "mutations" : [
      {
        "type": "BLOCK",
        "inputID": "minecraft:lava",
        "chance": 0.75,
        "outputs": [
          {"outputID": "minecraft:water", "weight": 10}
        ]
      }
    ]
  },
  "CentrifugeData": {
    "hasCentrifugeOutput": true,
    "mainOutput": "betterendforge:eternal_crystal",
    "mainOutputCount": 1
  },
  "SpawnData": {
    "canSpawnInWorld": false,
    "biomeWhitelist": "tag:OVERWORLD",
    "biomeBlacklist": "tag:ocean"
  },
  "BreedData": {
    "isBreedable": true,
   
    "feedItem": "betterendforge:crystal_shards"
	
  },
  "TraitData": {}
}