{
  "flower": "theabyss:opia_shroom",
  "maxTimeInHive": 600,
  "hasHoneycomb": true,
  "baseLayerTexture": "ores/loran_bee/loran_bee",
  "ColorData": {
    "isBeeColored": false,
    "honeycombColor": "#03fcf8",
    "modelType": "MUSHROOM"
  },
  "MutationData": {
    "hasMutation": false,
    "mutations" : [
      {
        "type": "BLOCK",
        "inputID": "minecraft:lava",
        "chance": 0.75,
        "outputs": [
          {"outputID": "minecraft:water", "weight": 10}
        ]
      }
    ]
  },
  "CentrifugeData": {
    "hasCentrifugeOutput": true,
    "mainOutput": "theabyss:loran",
    "mainOutputCount": 4
  },
  "SpawnData": {
    "canSpawnInWorld": true,
    "biomeWhitelist": "theabyss:blue_forest",
    "biomeBlacklist": "tag:ocean"
  },
  "BreedData": {
    "isBreedable": true,
   
    "feedItem": "theabyss:loran"
  },
  "TraitData": {}
}