{
  "flower": "minecraft:wither_rose",
  "maxTimeInHive": 600,
  "hasHoneycomb": true,
  "baseLayerTexture": "wither/wither_bee",
  "ColorData": {
    "isBeeColored": false,
    "honeycombColor": "#262626"
  },
  "MutationData": {
    "hasMutation": false,
    "mutations" : [
      {
        "type": "BLOCK",
        "inputID": "minecraft:stone",
        "outputs": [
          {"outputID": "minecraft:gravel", "weight": 10}
        ]
      }
    ]
  },
  "CentrifugeData": {
    "hasCentrifugeOutput": true,
    "mainOutput": "minecraft:wither_skeleton_skull"
  },
  "SpawnData": {
    "canSpawnInWorld": false,
    "biomeWhitelist": "tag:OVERWORLD",
    "biomeBlacklist": "tag:ocean",
    "lightLevel": "NIGHT"
  },
  "BreedData": {
    "isBreedable": true
   
  },
  "TraitData": {}
}