{
  "flower": "ALL",
  "maxTimeInHive": 4800,
  "hasHoneycomb": true,
  "baseLayerTexture": "/creeper/creeper_bee",
  "traits" : ["creeper"],
  "ColorData": {
    "isBeeColored": false,
    "honeycombColor": "#0C9F0A",
    "isGlowing": true,
    "glowColor": "#E2D3D3",
    "glowingPulse": 2,
    "emissiveLayerTexture": "/creeper/creeper_bee_emissive"
  },
  "MutationData": {
    "hasMutation": true,
    "mutations" : [
      {
        "type": "BLOCK",
        "inputID": "minecraft:lava",
        "chance": 0.75,
        "outputs": [
          {"outputID": "minecraft:mossy_cobblestone", "weight": 10}
        ]
      }
    ]
  },
  "CentrifugeData": {
    "hasCentrifugeOutput": true,
    "mainOutput": "minecraft:gunpowder",
    "mainOutputCount": 4
  },
  "SpawnData": {
    "canSpawnInWorld": true,
    "biomeWhitelist": "tag:OVERWORLD",
    "biomeBlacklist": "tag:ocean",
    "lightLevel": "NIGHT"
  },
  "BreedData": {
    "isBreedable": true
  },
  "TraitData": {
    "hasTraits": true
  }
}