{
  "generator": {
    "type": "minecraft:noise",
    "seed": 286956243,
    "biome_source": {
      "seed": 286956243,
      "type": "minecraft:multi_noise",
      "temperature_noise": {
        "firstOctave": -7,
        "amplitudes": [
          1,
          1
        ]
      },
      "humidity_noise": {
        "firstOctave": -7,
        "amplitudes": [
          1,
          1
        ]
      },
      "altitude_noise": {
        "firstOctave": -7,
        "amplitudes": [
          1,
          1
        ]
      },
      "weirdness_noise": {
        "firstOctave": -7,
        "amplitudes": [
          1,
          1
        ]
      },
      "biomes": [
        {
          "biome": "gocreate:gotopian_jungle",
          "parameters": {
            "altitude": 0.2,
            "weirdness": 0,
            "offset": 0,
            "temperature": 0.8,
            "humidity": 0.4
          }
        },
        {
          "biome": "gocreate:gotopian_lake",
          "parameters": {
            "altitude": 0.3,
            "weirdness": 0,
            "offset": 0,
            "temperature": 0.8,
            "humidity": 0.4
          }
        
        }
      ]
    },
    "settings": "minecraft:amplified"
  },
  "type": "gocreate:gotopia"
}