{
  "flower": "tag:blue_skies:storage_blocks/diopside",
  "hasHoneycomb": true,
  "baseLayerTexture": "ores/diopside/diopside_bee",
  "ColorData": {
    "isBeeColored": false,
    "honeycombColor": "#15D300",
    "modelType": "ORE"
  },
  "MutationData": {
    "hasMutation": false,
    "mutations" : [
      {
        "type": "BLOCK",
        "inputID": "minecraft:stone",
        "chance": 0.75,
        "outputs": [
          {"outputID": "minecraft:lava", "weight": 10}
        ]
      }
    ]
  },
  "CentrifugeData": {
    "hasCentrifugeOutput": false,
    "mainOutput": "minecraft:emerald"
  },
  "SpawnData": {
    "canSpawnInWorld": false,
    "biomeWhitelist": "TAG:Mountain,Hills"
  },
  "BreedData": {
    "isBreedable": true,
    "spawnWeight": 4
  },
  "TraitData": {}
}