{
  "flower": "byg:scorched_grass",
  "maxTimeInHive": 4800,
  "hasHoneycomb": true,
  "traits": ["nether"],
  "baseLayerTexture": "ores/blaze/blaze_bee",
  "ColorData": {
    "isBeeColored": false,
    "honeycombColor": "#0ffcd29",
    "modelType": "DEFAULT"
  },
  "MutationData": {
    "hasMutation": false,
    "mutations" : [
      {
        "type": "BLOCK",
        "inputID": "minecraft:netherrack",
        "outputs": [
          {"outputID": "minecraft:nether_quartz_ore", "weight": 10},
          {"outputID": "minecraft:cobblestone", "weight": 10}
        ]
      }
    ]
  },
  "CentrifugeData": {
    "hasCentrifugeOutput": true,
    "mainOutput": "minecraft:blaze_rod",
    "mainOutputCount": 1
  },
  "SpawnData": {
    "canSpawnInWorld": true,
    "biomeWhitelist": "byg:magma_wastes",
    "lightLevel": "NIGHT"
  },
  "BreedData": {
    "isBreedable": true,
	"feedItem": "minecraft:blaze_powder"
  },
  "TraitData": {
    "hasTraits": true
  }
}