{
  "effects": {
    "mood_sound": {
      "sound": "minecraft:ambient.cave",
      "tick_delay": 6000,
      "block_search_extent": 8,
      "offset": 2
    },
    "sky_color": 15775859,
    "fog_color": 14268395,
    "water_color": 3520678,
    "water_fog_color": 9693936,
    "foliage_color": 4618859,
    "grass_color": 8306599
  },
  "carvers": {
    "air": [
      "minecraft:cave",
      "minecraft:canyon"
    ]
  },
  "starts": [
    "minecraft:mineshaft",
    "gocreate:go_can_1"
  ],
  "features": [
    [
      "minecraft:jungle_tree",
      "minecraft:mega_jungle_tree",
      "minecraft:trees_jungle",
      "minecraft:patch_grass_jungle"
    ],
    [
      "minecraft:lake_water"
    ],
    [],
    [],
    [],
    [],
    ["minecraft:ore_dirt",
      "minecraft:ore_gravel",
      "minecraft:ore_granite",
      "minecraft:ore_diorite",
      "minecraft:ore_andesite",
      "minecraft:ore_coal",
      "minecraft:ore_iron",
      "minecraft:ore_gold",
      "minecraft:ore_redstone",
      "minecraft:ore_diamond",
      "minecraft:ore_lapis",
      "minecraft:disk_sand",
      "minecraft:disk_clay",
      "minecraft:disk_gravel"
	  ],
    [],
    [
      "minecraft:spring_water",
      "minecraft:patch_pumpkin",
      "minecraft:patch_grass_plain",
      "minecraft:patch_tall_grass_2",
      "minecraft:patch_sugar_cane",
      "minecraft:brown_mushroom_normal",
      "minecraft:red_mushroom_normal",
      "minecraft:flower_plain_decorated",
      "minecraft:plain_vegetation"
    ],
    []
  ],
  "spawners": {
    "ambient": [],
    "creature": [],
    "misc": [],
    "monster": [],
    "water_ambient": [],
    "water_creature": []
  },
  "category": "jungle",
  "precipitation": "rain",
  "surface_builder": "minecraft:grass",
  "scale": 0.3,
  "downfall": 0.4,
  "depth": 0.06,
  "temperature": 0.8,
  "player_spawn_friendly": true,
  "spawn_costs": {}
}