{
  "flower": "minecraft:chorus_flower",
  "hasHoneycomb": true,
  "traits": ["ender"],
  "maxTimeInHive": 7200,
  "ColorData": {
    "isBeeColored": true,
    "honeycombColor": "#339786",
    "primaryColor": "#339786",
    "secondaryColor": "#303030"
  },
  "MutationData": {
    "hasMutation": true,
    "mutations" : [
      {
        "type": "BLOCK",
        "inputID": "minecraft:obsidian",
        "chance": 0.5,
        "outputs": [
          {"outputID": "minecraft:end_stone", "weight": 10}
        ]
      }
    ]
  },
  "CentrifugeData": {
    "hasCentrifugeOutput": true,
    "mainOutput": "minecraft:ender_pearl",
    "bottleOutput" : "minecraft:dragon_breath"
  },
  "SpawnData": {
    "canSpawnInWorld": true,
    "biomeWhitelist": "TAG:end",
    "lightLevel": "NIGHT",
    "spawnWeight": 20
  },
  "BreedData": {
    "isBreedable": true
  },
  "TraitData": {
    "hasTraits": true
  }
}