{
  "flower": "tag:forge:storage_blocks/quartz",
  "maxTimeInHive": 4800,
  "hasHoneycomb": true,
  "traits": ["nether"],
  "ColorData": {
    "isBeeColored": true,
    "honeycombColor": "#D4CABA",
    "primaryColor": "#D4CABA",
    "secondaryColor": "#303030"
  },
  "MutationData": {
    "hasMutation": true,
    "mutations" : [
      {
        "type": "BLOCK",
        "inputID": "minecraft:netherrack",
        "outputs": [
          {"outputID": "minecraft:nether_quartz_ore", "weight": 10},
          {"outputID": "minecraft:cobblestone", "weight": 10}
        ]
      }
    ]
  },
  "CentrifugeData": {
    "hasCentrifugeOutput": true,
    "mainOutput": "minecraft:quartz",
    "mainOutputCount": 2
  },
  "SpawnData": {
    "canSpawnInWorld": true,
    "biomeWhitelist": "tag:nether",
    "lightLevel": "NIGHT"
  },
  "BreedData": {
    "isBreedable": true
  },
  "TraitData": {
    "hasTraits": true
  }
}