{
  "flower": "minecraft:comparator",
  "maxTimeInHive": 5200,
  "hasHoneycomb": true,
  "baseLayerTexture": "ores/rose_quartz/rose_quartz_bee",
  "ColorData": {
    "isBeeColored": false,
    "honeycombColor": "#ff4766",
    "modelType": "ORE"
  },
  "MutationData": {
    "hasMutation": false,
    "mutations" : [
      {
        "type": "BLOCK",
        "inputID": "minecraft:stone",
        "outputs": [
          {"outputID": "minecraft:redstone", "weight": 10},
          {"outputID": "minecraft:cobblestone", "weight": 10}
        ]
      }
    ]
  },
  "CentrifugeData": {
    "hasCentrifugeOutput": true,
    "mainOutput": "create:rose_quartz",
    "mainOutputCount": 4
  },
  "SpawnData": {
    "canSpawnInWorld": false,
    "biomeWhitelist": "tag:OVERWORLD",
    "biomeBlacklist": "tag:ocean"
  },
  "BreedData": {
    "isBreedable": true,
	"parent1": "nether_quartz",
    "parent2": "redstone"
  },
  "TraitData": {}
}